scenario,version,dataset,rsid,chr,pos,a1,a2,a1freq,beta
easy,input,1,rs123,1,2,A,G,0.3,1
easy,input,2,rs123,1,2,A,G,0.3,1
easy,truth,1,rs123,1,2,A,G,0.3,1
easy,truth,2,rs123,1,2,A,G,0.3,1
alphabetical,input,1,rs123,1,2,G,A,0.7,-1
alphabetical,input,2,rs123,1,2,G,A,0.7,-1
alphabetical,truth,1,rs123,1,2,A,G,0.3,1
alphabetical,truth,2,rs123,1,2,A,G,0.3,1
flip1,input,1,rs123,1,2,A,G,0.3,1
flip1,input,2,rs123,1,2,G,A,0.7,-1
flip1,truth,1,rs123,1,2,A,G,0.3,1
flip1,truth,2,rs123,1,2,A,G,0.3,1
flip2,input,1,rs123,1,2,A,G,0.3,1
flip2,input,2,rs123,1,2,C,T,0.7,-1
flip2,truth,1,rs123,1,2,A,G,0.3,1
flip2,truth,2,rs123,1,2,A,G,0.3,1
palindrome_flip,input,1,rs123,1,2,A,T,0.3,1
palindrome_flip,input,2,rs123,1,2,A,T,0.7,-1
palindrome_flip,truth,1,rs123,1,2,A,T,0.3,1
palindrome_flip,truth,2,rs123,1,2,A,T,0.3,1
palindrome_noflip,input,1,rs123,1,2,A,T,0.3,1
palindrome_noflip,input,2,rs123,1,2,A,T,0.3,1
palindrome_noflip,truth,1,rs123,1,2,A,T,0.3,1
palindrome_noflip,truth,2,rs123,1,2,A,T,0.3,1
easy_indels,input,1,rs123,1,2,A,AG,0.3,1
easy,input,2,rs123,1,2,A,AG,0.3,1
easy,truth,1,rs123,1,2,A,AG,0.3,1
easy,truth,2,rs123,1,2,A,AG,0.3,1
flip1,input,1,rs123,1,2,A,AG,0.3,1
flip1,input,2,rs123,1,2,AG,A,0.7,-1
flip1,truth,1,rs123,1,2,A,AG,0.3,1
flip1,truth,2,rs123,1,2,A,AG,0.3,1
drop1,input,1,rs123,1,2,A,G,0.3,1
drop1,input,1,rs234,2,2,A,AG,0.3,1
drop1,input,2,rs123,1,2,G,A,0.7,-1
drop1,input,2,rs234,2,2,A,T,0.3,1
drop1,truth,1,rs123,1,2,A,G,0.3,1
drop1,truth,2,rs123,1,2,A,G,0.3,1
multiallele1,input,1,rs123,1,2,A,C,0.1,-1
multiallele1,input,1,rs123,1,2,A,G,0.3,1
multiallele1,input,2,rs123,1,2,A,G,0.3,1
multiallele1,truth,1,rs123,1,2,A,G,0.3,1
multiallele1,truth,2,rs123,1,2,A,G,0.3,1
multiallele2,input,1,rs123,1,2,A,G,0.3,1
multiallele2,input,2,rs123,1,2,A,G,0.3,1
multiallele2,input,2,rs123,1,2,A,C,0.1,-1
multiallele2,truth,1,rs123,1,2,A,G,0.3,1
multiallele2,truth,2,rs123,1,2,A,G,0.3,1
multiallele3,input,1,rs123,1,2,C,A,0.9,1
multiallele3,input,1,rs123,1,2,A,G,0.3,1
multiallele3,input,2,rs123,1,2,A,G,0.3,1
multiallele3,input,2,rs123,1,2,A,C,0.1,-1
multiallele3,truth,1,rs123,1,2,A,C,0.1,-1
multiallele3,truth,1,rs123,1,2,A,G,0.3,1
multiallele3,truth,2,rs123,1,2,A,C,0.1,-1
multiallele3,truth,2,rs123,1,2,A,G,0.3,1
multiallele4,input,1,rs111,1,5,C,A,0.9,1
multiallele4,input,1,rs123,1,2,C,A,0.9,1
multiallele4,input,1,rs123,1,2,A,G,0.3,1
multiallele4,input,2,rs123,1,2,A,G,0.3,1
multiallele4,input,2,rs123,1,2,A,C,0.1,-1
multiallele4,input,2,rs111,1,5,C,A,0.9,1
multiallele4,truth,1,rs123,1,2,A,C,0.1,-1
multiallele4,truth,1,rs123,1,2,A,G,0.3,1
multiallele4,input,1,rs111,1,5,A,C,0.1,-1
multiallele4,truth,2,rs123,1,2,A,C,0.1,-1
multiallele4,truth,2,rs123,1,2,A,G,0.3,1
multiallele4,input,2,rs111,1,5,A,C,0.1,-1